{
  "ip": "192.168.10.200",
  "pointset": {
    "test": [1],
    "left": [2.6762935861221915, 1.7124617238694333, 1.0926255207126065, 1.9347698617189494, -1.597162463038624, 5.277994235146966],
    "right": [0.9762935861221914, 1.7124617238694333, 1.0926255207126065, 1.9347698617189493, -1.597162463038624, 5.277994235146966],
    "left_up": [2.6762935861221915, 1.7124617238694333, 1.0926255207126065, 1.0, -1.597162463038624, 5.277994235146966],
    "right_up": [0.9762935861221914, 1.7124617238694333, 1.0926255207126065, 1.0, -1.597162463038624, 5.277994235146966]

  }
}
