{
  "ip": "192.168.10.90",
  "pointset": {
    "test": [1],
    "left": [0.5, 2.122790108735651, 0.5882323596655863, 1.8, -1.3515091554780836, -0.895600966860745], 
    "right": [-1, 2.122790108735651, 0.5882323596655863, 1.8, -1.3515091554780836, -0.895600966860745], 
    "left_up": [0.5, 2.122790108735651, 0.5882323596655863, 0.6, -1.3515091554780836, -0.895600966860745], 
    "right_up": [-1, 2.122790108735651, 0.5882323596655863, 0.6, -1.3515091554780836, -0.895600966860745]

  }
}
